,Linhagem,Frequência,Porcentagem
0,B.1.617.2+AY.* (Delta),337,94.39775910364145
1,P.1.7 (Gama),15,4.201680672268908
2,P.1 (Gama),5,1.400560224089636
