,Linhagem,Frequência,Porcentagem
0,B.1.617.2+AY.* (Delta),1118,59.754142169962584
1,P.1 (Gama),415,22.180652057723144
2,P.1.7 (Gama),276,14.751469802244788
3,Outras VOC/VOI,40,2.1378941742383755
4,Não VOC/VOI,17,0.9086050240513094
5,B.1.1.7 (Alfa),3,0.16034206306787815
6,P.1.4 (Gama),2,0.10689470871191875
