,Linhagem,Frequencia,Porcentagem
0,AY.*+B.1.617.2 (Delta),93,34.962406015037594
1,AY.99.2 (Delta),86,32.33082706766917
2,AY.43.2 (Delta),29,10.902255639097744
3,BA.1 (Omicron),26,9.774436090225564
4,AY.43.1 (Delta),14,5.263157894736842
5,AY.101 (Delta),10,3.7593984962406015
6,AY.46.3 (Delta),4,1.5037593984962405
7,AY.34.1 (Delta),3,1.1278195488721803
8,AY.99.1 (Delta),1,0.37593984962406013
